<?xml version="1.0" encoding="UTF-8"?>
<game>
    <exePath args="">bokkusu.exe</exePath>
    <title>Bokkusu</title>
    <gameStudio>Storylab</gameStudio>
    <playerCount>1-2</playerCount>
    <genre>Real-time Co-Op or PvP Puzzle</genre>
    <description> 
            Bokkusu is a real-time, single or two player puzzle game wherein 
            the goal is to maneuver your block to the spinning tesseract 
            in as few moves a possible (solo or two player Co-Op) or 
            before your opponent (two player PvP). 
            Once a block is set in motion, it continues in a 
            straight line until it hits a wall or some other object. 
            Either player can drop a crate by pressing button (1) or (4).  
            Crates can be smashed through with a high speed collision.
    </description>
</game>
